year,n_days,total_return,ann_return,ann_vol,sharpe,max_drawdown,win_ratio
2020,103,0.1554679326391013,0.42411018677333856,0.21624190256849232,1.961276615382193,-0.10195808793651995,0.5631067961165048
2021,243,0.05033432743853283,0.05224644971419834,0.26251498442128435,0.19902273323321298,-0.2225734178611407,0.48559670781893005
2022,242,-0.2351524345578323,-0.2435783794895392,0.24348761583293038,-1.0003727649814893,-0.3262785230306601,0.45041322314049587
2023,242,-0.04194960438945705,-0.04364467957647811,0.24454661631578473,-0.17847181954102131,-0.2761012744204968,0.44214876033057854
2024,242,0.4156709152587652,0.43615204711155786,0.24002964687386596,1.8170757354017728,-0.11007280638743244,0.5371900826446281
2025,200,0.1590605337199018,0.20440821478570426,0.1754367044850351,1.1651393896488773,-0.13074569372974554,0.53
