year,n_days,total_return,ann_return,ann_vol,sharpe,max_drawdown,win_ratio
2023,182,-0.2254960949149346,-0.2860669122649344,0.23138661569463181,-1.2363157281424864,-0.2761012744204968,0.4175824175824176
